Date,Site,VidFile,Camera,VidRecord,Timestamp,Species,Count
6/11/2019,Vickis,SUNP0014,4,CC,0:01,Lutjanus gibbus,5
6/11/2019,Vickis,SUNP0014,4,CC,0:03,Hemigymnus melapterus,1
6/11/2019,Vickis,SUNP0014,4,CB,0:15,Chaetodon melannotus,1
6/11/2019,Vickis,SUNP0014,4,CB,0:17,Amblyglyphidodon curacao,1
6/11/2019,Vickis,SUNP0014,4,CB,0:24,Zebrasoma scopas,1
6/11/2019,Vickis,SUNP0014,4,CB,0:33,Chaetodon melannotus,1
6/11/2019,Vickis,SUNP0014,4,CC,1:27,Thalassoma hardwicke,1
6/11/2019,Vickis,SUNP0014,4,CC,1:32,Scarus niger,1
6/11/2019,Vickis,SUNP0014,4,CC,1:47,Novaculichthys taeniourus,1
6/11/2019,Vickis,SUNP0014,4,CC,1:51,Chaetodon ulietensis,1
6/11/2019,Vickis,SUNP0014,4,CC,2:10,Naso annulatus,1
6/11/2019,Vickis,SUNP0014,4,CC,3:16,Nato lituratus,1
6/11/2019,Vickis,SUNP0014,4,CC,3:40,Nato lituratus,1
6/11/2019,Vickis,SUNP0014,4,CC,3:54,Chlorurus microrhinos,1
6/11/2019,Vickis,SUNP0014,4,CC,4:03,Chaetodon ulietensis,1
6/11/2019,Vickis,SUNP0014,4,CB,4:08,Zebrasoma scopas,1
6/11/2019,Vickis,SUNP0014,4,CC,4:10,Chaetodon melannotus,3
6/11/2019,Vickis,SUNP0014,4,CB,4:25,Siganus corallinus,2
6/11/2019,Vickis,SUNP0015,4,CB,0:26,Pomacentrus chrysurus,1
6/11/2019,Vickis,SUNP0015,4,CC,1:03,Neoglyphidodon melas,1
6/11/2019,Vickis,SUNP0015,4,CC,1:07,Pomacentrus chrysurus,1
6/11/2019,Vickis,SUNP0015,4,CC,1:38,Pomacentrus moluccensis,1
6/11/2019,Vickis,SUNP0015,4,CC,2:12,Cephalopholis argus,1
6/11/2019,Vickis,SUNP0015,4,CC,2:33,Zebrasoma scopas,1
6/11/2019,Vickis,SUNP0015,4,CC,3:06,Zebrasoma scopas,1
6/11/2019,Vickis,SUNP0015,4,CC,3:09,Pomacentrus grammorhynchus,1
6/11/2019,Vickis,SUNP0015,4,CC,3:16,Pomacentrus moluccensis,1
6/11/2019,Vickis,SUNP0015,4,CC,3:30,Chaetodon melannotus,2
6/11/2019,Vickis,SUNP0015,4,CB,3:32,Amblyglyphidodon curacao,1
6/11/2019,Vickis,SUNP0015,4,CC,3:46,Thalassoma hardwicke,1
6/11/2019,Vickis,SUNP0015,4,CC,4:16,Thalassoma hardwicke,1
6/11/2019,Vickis,SUNP0016,4,CB,3:35,Halichoeres melanurus,1
6/11/2019,Vickis,SUNP0016,4,CC,3:52,Thalassoma hardwicke,1
6/11/2019,Vickis,SUNP0016,4,CC,3:53,Halichoeres melanurus,1
6/11/2019,Vickis,SUNP0016,4,CC,4:33,Labridae,2
6/11/2019,Vickis,SUNP0017,4,CC,0:03,Pomacentridae ,1
6/11/2019,Vickis,SUNP0017,4,CC,0:15,Zebrasoma scopas,1
6/11/2019,Vickis,SUNP0017,4,CC,0:28,Labrichthys unilineatus,1
6/11/2019,Vickis,SUNP0017,4,CC,0:28,Scarus frenatus,1
6/11/2019,Vickis,SUNP0017,4,CB,0:28,Zebrasoma scopas,1
6/11/2019,Vickis,SUNP0017,4,CC,1:01,Thalassoma hardwicke,1
6/11/2019,Vickis,SUNP0017,4,CC,1:13,Chaetodon rafflesii,1
6/11/2019,Vickis,SUNP0017,4,CC,1:24,Chaetodon rafflesii,1
6/11/2019,Vickis,SUNP0017,4,CC,3:59,Chaetodon melannotus,1
6/11/2019,Vickis,SUNP0018,4,CC,1:16,Bodianus axillaris,1
6/11/2019,Vickis,SUNP0019,4,CC,1:22,Thalassoma hardwicke,1
6/11/2019,Vickis,SUNP0019,4,CB,3:43,Halichoeres melanurus,1
21/11/2019,TurtleBeach,GP019033,GP-9,CC,0:05,Ctenochaetus striatus,2
21/11/2019,TurtleBeach,GP019033,GP-9,CC,0:05,Pomacentrus moluccensis,4
21/11/2019,TurtleBeach,GP019033,GP-9,CC,0:08,Dascyllus aruanus,1
21/11/2019,TurtleBeach,GP019033,GP-9,CC,0:08,Chrysiptera caesifrons,1
21/11/2019,TurtleBeach,GP019033,GP-9,CB,0:20,Pomacentrus chrysurus,1
21/11/2019,TurtleBeach,GP019033,GP-9,CC,0:26,Thalassoma hardwicke,1
21/11/2019,TurtleBeach,GP019033,GP-9,CC,1:04,Pomacentrus chrysurus,1
21/11/2019,TurtleBeach,GP019033,GP-9,CB,1:11,Zebrasoma scopas,1
21/11/2019,TurtleBeach,GP019033,GP-9,CC,1:33,Halichoeres chloropterus,1
21/11/2019,TurtleBeach,GP019033,GP-9,CC,1:40,Dischistodus pseudochrysopoecilus,1
21/11/2019,TurtleBeach,GP019033,GP-9,CC,5:09,Scolopsis bilineata,1
21/11/2019,TurtleBeach,GP019033,GP-9,CC,5:29,Scolopsis bilineata,2
21/11/2019,TurtleBeach,GP019033,GP-9,CC,6:54,Pomacentrus chrysurus,2
21/11/2019,TurtleBeach,GP019033,GP-9,CC,7:40,Halichoeres melanurus,1
21/11/2019,TurtleBeach,GP019033,GP-9,CC,8:32,Parupeneus cyclostomus,1
21/11/2019,TurtleBeach,GP019033,GP-9,CC,10:04,Cheilinus chlorourus,1
21/11/2019,TurtleBeach,GP019033,GP-9,CC,10:09,Halichoeres marginatus,1
21/11/2019,TurtleBeach,GP029033,GP-9,CC,0:26,Halichoeres marginatus,1
21/11/2019,TurtleBeach,GP029033,GP-9,CB,1:03,Caranx sexfasciatus,5
21/11/2019,TurtleBeach,GP029033,GP-9,CB,1:20,Dischistodus prosopotaenia,2
21/11/2019,TurtleBeach,GP029033,GP-9,CC,3:30,Thalassoma hardwicke,1
21/11/2019,TurtleBeach,GP029033,GP-9,CB,10:27,Chaetodon vagabundus,1
21/11/2019,TurtleBeach,GP029033,GP-9,CC,10:47,Halichoeres melanurus,1
21/11/2019,TurtleBeach,GP029033,GP-9,CC,11:37,Hemigymnus melapterus,1
21/11/2019,TurtleBeach,GP029033,GP-9,CC,11:43,Thalassoma nigrofasciatum,1
21/11/2019,TurtleBeach,GP039033,GP-9,CB,1:17,Thalassoma hardwicke,1
21/11/2019,TurtleBeach,GP039033,GP-9,CC,3:10,Halichoeres marginatus,1
18/11/2019,Southeast,GP019004,GP-8,CC,0:00,Sufflamen chrysopterum,1
18/11/2019,Southeast,GP019004,GP-8,CC,0:00,Scarus psittacus,1
18/11/2019,Southeast,GP019004,GP-8,CC,0:00,Pomacentrus chrysurus,1
18/11/2019,Southeast,GP019004,GP-8,CB,0:03,Halichoeres nebulosus,1
18/11/2019,Southeast,GP019004,GP-8,CC,0:06,Pomacentrus chrysurus,1
18/11/2019,Southeast,GP019004,GP-8,CB,0:07,Thalassoma nigrofasciatum,1
18/11/2019,Southeast,GP019004,GP-8,CC,0:08,Scarus psittacus,1
18/11/2019,Southeast,GP019004,GP-8,CC,0:25,Ctenochaetus striatus,13
18/11/2019,Southeast,GP019004,GP-8,CC,0:36,Ctenochaetus striatus,1
18/11/2019,Southeast,GP019004,GP-8,CC,0:36,Pomacentrus chrysurus,1
18/11/2019,Southeast,GP019004,GP-8,CC,1:08,Pomacentrus chrysurus,1
18/11/2019,Southeast,GP019004,GP-8,CC,1:40,Halichoeres nebulosus,2
18/11/2019,Southeast,GP019004,GP-8,CB,1:45,Hemigymnus melapterus,1
18/11/2019,Southeast,GP019004,GP-8,CC,2:12,Pomacentrus chrysurus,1
18/11/2019,Southeast,GP019004,GP-8,CC,2:22,Pomacentrus chrysurus,1
18/11/2019,Southeast,GP019004,GP-8,CC,2:35,Scarus niger,1
18/11/2019,Southeast,GP019004,GP-8,CC,2:36,Taeniura meyeni,1
18/11/2019,Southeast,GP019004,GP-8,CC,2:42,Scarus chameleon,1
18/11/2019,Southeast,GP019004,GP-8,CC,2:40,Scarus psittacus,1
18/11/2019,Southeast,GP019004,GP-8,CC,2:39,Scarus psittacus,1
18/11/2019,Southeast,GP019004,GP-8,CC,2:49,Scarus psittacus,2
18/11/2019,Southeast,GP019004,GP-8,CC,2:54,Scarus niger,1
18/11/2019,Southeast,GP019004,GP-8,CC,3:00,Hemigymnus melapterus,1
18/11/2019,Southeast,GP019004,GP-8,CC,3:07,Acanthuridae,3
18/11/2019,Southeast,GP019004,GP-8,CC,3:12,Scarus niger,1
18/11/2019,Southeast,GP019004,GP-8,CC,3:17,Scarus niger,3
18/11/2019,Southeast,GP019004,GP-8,CB,3:20,Thalassoma nigrofasciatum,1
18/11/2019,Southeast,GP019004,GP-8,CC,3:22,Scarus niger,1
18/11/2019,Southeast,GP019004,GP-8,CB,3:36,Naso annulatus,1
18/11/2019,Southeast,GP019004,GP-8,CC,3:37,Scarus sp,1
18/11/2019,Southeast,GP019004,GP-8,CC,3:52,Scarus niger,2
18/11/2019,Southeast,GP019004,GP-8,CC,3:58,Novaculichthys taeniourus,1
18/11/2019,Southeast,GP019004,GP-8,CC,4:00,Scarus niger,2
18/11/2019,Southeast,GP019004,GP-8,CC,4:07,Thalassoma hardwicke,1
18/11/2019,Southeast,GP019004,GP-8,CC,4:10,Novaculichthys taeniourus,1
18/11/2019,Southeast,GP019004,GP-8,CC,4:12,Coris gaimard,1
18/11/2019,Southeast,GP019004,GP-8,CC,4:29,Naso annulatus,1
18/11/2019,Southeast,GP019004,GP-8,CC,4:43,Scarus niger,2
18/11/2019,Southeast,GP019004,GP-8,CC,4:54,Abudefduf whitleyi,8
18/11/2019,Southeast,GP019004,GP-8,CC,4:51,Ctenochaetus striatus,1
18/11/2019,Southeast,GP019004,GP-8,CC,4:55,Acanthurus nigrofuscus,1
18/11/2019,Southeast,GP019004,GP-8,CC,5:02,Ctenochaetus striatus,2
18/11/2019,Southeast,GP019004,GP-8,CC,5:07,Scarus rubroviolaceus,1
18/11/2019,Southeast,GP019004,GP-8,CC,5:15,Scarus globiceps,1
18/11/2019,Southeast,GP019004,GP-8,CC,5:08,Acanthurus nigrofuscus,5
18/11/2019,Southeast,GP019004,GP-8,CC,5:13,Coris gaimard,1
18/11/2019,Southeast,GP019004,GP-8,CC,5:18,Thalassoma hardwicke,1
18/11/2019,Southeast,GP019004,GP-8,CC,5:20,Scarus rubroviolaceus,1
18/11/2019,Southeast,GP019004,GP-8,CC,5:45,Siganus argentus,11
18/11/2019,Southeast,GP019004,GP-8,CC,5:45,Naso annulatus,20
18/11/2019,Southeast,GP019004,GP-8,CC,5:48,Acanthurus nigrofuscus,6
18/11/2019,Southeast,GP019004,GP-8,CC,5:48,Ctenochaetus striatus,15
18/11/2019,Southeast,GP019004,GP-8,CC,5:48,Scarus psittacus,1
18/11/2019,Southeast,GP019004,GP-8,CC,5:49,Scarus niger,3
18/11/2019,Southeast,GP019004,GP-8,CC,5:50,Scarus niger,1
18/11/2019,Southeast,GP019004,GP-8,CC,5:51,Acanthurus grammoptilus,1
18/11/2019,Southeast,GP019004,GP-8,CC,5:57,Acanthurus grammoptilus,1
18/11/2019,Southeast,GP019004,GP-8,CC,5:58,Scarus sp,2
18/11/2019,Southeast,GP019004,GP-8,CC,6:00,Ctenochaetus striatus,2
18/11/2019,Southeast,GP029004,GP-8,CC,0:35,Labrichthys unilineatus,1
18/11/2019,Southeast,GP029004,GP-8,CC,0:40,Naso annulatus,1
18/11/2019,Southeast,GP029004,GP-8,CC,0:44,Acanthurus nigrofuscus,5
18/11/2019,Southeast,GP029004,GP-8,CC,0:52,Acanthurus nigrofuscus,2
18/11/2019,Southeast,GP029004,GP-8,CC,2:45,Thalassoma nigrofasciatum,1
18/11/2019,Southeast,GP029004,GP-8,CC,3:23,Labroides dimidiatus,1
18/11/2019,Southeast,GP029004,GP-8,CC,5:20,Labridae,1
18/11/2019,Southeast,GP029004,GP-8,CC,6:05,Pomacentrus chrysurus,2
18/11/2019,Southeast,GP029004,GP-8,CC,6:10,Cirripectes sp,1
18/11/2019,Southeast,GP029004,GP-8,CC,6:15,Pomacentrus chrysurus,1
18/11/2019,Southeast,GP029004,GP-8,CC,6:23,Thalassoma nigrofasciatum,1
18/11/2019,Southeast,GP029004,GP-8,CC,6:53,Scarus psittacus,1
18/11/2019,Southeast,GP029004,GP-8,CC,7:20,Lethrinus nebulosus,1
18/11/2019,Southeast,GP029004,GP-8,CC,7:30,Scarus frenatus,1
18/11/2019,Southeast,GP029004,GP-8,CC,8:06,Thalassoma hardwicke,1
18/11/2019,Southeast,GP029004,GP-8,CC,8:11,Thalassoma nigrofasciatum,1
18/11/2019,Southeast,GP029004,GP-8,CC,8:07,Thalassoma hardwicke,1
18/11/2019,Southeast,GP029004,GP-8,CC,8:14,Thalassoma hardwicke,1
18/11/2019,Southeast,GP029004,GP-8,CC,8:57,Scolopsis bilineata,1
18/11/2019,Southeast,GP029004,GP-8,CC,8:58,Halichoeres marginatus,2
18/11/2019,Southeast,GP029004,GP-8,CC,8:58,Macropharyngodon negrosensis,1
18/11/2019,Southeast,GP029004,GP-8,CC,8:58,Macropharyngodon meleagris,1
18/11/2019,Southeast,GP029004,GP-8,CC,8:57,Bodianus bimacualtus,3
18/11/2019,Southeast,GP029004,GP-8,CC,9:05,Thalassoma hardwicke,1
18/11/2019,Southeast,GP029004,GP-8,CC,9:07,Thalassoma hardwicke,1
18/11/2019,Southeast,GP029004,GP-8,CC,9:07,Ctenochaetus striatus,3
18/11/2019,Southeast,GP029004,GP-8,CC,9:09,Acanthurus olivaceus,1
18/11/2019,Southeast,GP029004,GP-8,CC,9:11,Novaculichthys taeniourus,1
18/11/2019,Southeast,GP029004,GP-8,CC,9:13,Thalassoma hardwicke,1
18/11/2019,Southeast,GP029004,GP-8,CC,9:14,Scarus niger,2
18/11/2019,Southeast,GP029004,GP-8,CC,9:09,Acanthurus olivaceus,1
18/11/2019,Southeast,GP029004,GP-8,CC,9:28,Parupeneus multifasciatus,1
18/11/2019,Southeast,GP029004,GP-8,CC,9:32,Acanthurus olivaceus,1
18/11/2019,Southeast,GP029004,GP-8,CC,9:37,Thalassoma nigrofasciatum,1
18/11/2019,Southeast,GP029004,GP-8,CC,9:37,Ctenochaetus striatus,2
18/11/2019,Southeast,GP029004,GP-8,CC,9:58,Scarus sp,2
18/11/2019,Southeast,GP029004,GP-8,CC,10:10,Halichoeres nebulosus,1
18/11/2019,Southeast,GP029004,GP-8,CC,10:46,Novaculichthys taeniourus,1
18/11/2019,Southeast,GP029004,GP-8,CC,10:05,Acanthuridae,1
18/11/2019,Southeast,GP029004,GP-8,CC,10:54,Pomacentrus chrysurus,1
18/11/2019,Southeast,GP029004,GP-8,CC,11:50,Scarus rubroviolaceus,1
18/11/2019,Southeast,GP029004,GP-8,CC,11:41,Acanthurus nigrofuscus,1
18/11/2019,Southeast,GP039004,GP-8,CC,1:25,Cheilinus trilobatus,1
18/11/2019,Southeast,GP039004,GP-8,CC,1:59,Hemigymnus melapterus,2
18/11/2019,Southeast,GP039004,GP-8,CC,2:07,Pomacentrus chrysurus,2
18/11/2019,Southeast,GP039004,GP-8,CC,2:13,Halichoeres margaritaceus,1
18/11/2019,Southeast,GP039004,GP-8,CC,2:53,Cheilinus trilobatus,2
18/11/2019,Southeast,GP039004,GP-8,CC,3:29,Epibulus insidiator,1
18/11/2019,Southeast,GP039004,GP-8,CC,3:38,Centropyge bicolor,1
18/11/2019,Southeast,GP039004,GP-8,CC,5:08,Siganus puellus,2
18/11/2019,Southeast,GP039004,GP-8,CC,5:38,Scarus globiceps,1
18/11/2019,Southeast,GP039004,GP-8,CC,9:34,Siganus puellus,1
18/11/2019,Southeast,GP039004,GP-8,CC,10:54,Naso annulatus,3
18/11/2019,Southeast,GP039004,GP-8,CC,11:21,Grammatorcynus bicarinatus,2
18/11/2019,Southeast,GP039004,GP-8,CC,12:00,Grammatorcynus bicarinatus,1
19/11/2019,Resort,GOPR9031,GP-9,CB,6:10,Pomacentrus chrysurus,1
19/11/2019,Resort,GOPR9031,GP-9,CC,6:11,Chrysiptera caesifrons,1
19/11/2019,Resort,GOPR9031,GP-9,CB,6:21,Halichoeres chrysus,1
19/11/2019,Resort,GOPR9031,GP-9,CC,6:22,Epibulus insidiator,1
19/11/2019,Resort,GOPR9031,GP-9,CC,6:31,Chrysiptera caesifrons,1
19/11/2019,Resort,GOPR9031,GP-9,CB,7:14,Pomacentrus chrysurus,1
19/11/2019,Resort,GP019031,GP-9,CB,1:12,Halichoeres chrysus,1
19/11/2019,Resort,GP019031,GP-9,CB,1:25,Lutjanus carponotatus,1
19/11/2019,Resort,GP019031,GP-9,CB,5:53,Chaetodon lunulatus,2
19/11/2019,Resort,GP019031,GP-9,CC,6:20,Chrysiptera caesifrons,1
19/11/2019,Resort,GP019031,GP-9,CC,6:29,Pomacentrus moluccensis,1
19/11/2019,Resort,GP019031,GP-9,CC,7:49,Diagramma sp,2
19/11/2019,Resort,GP019031,GP-9,CB,8:04,Lethrinus atkinsoni,1
19/11/2019,Resort,GP019031,GP-9,CB,8:28,Chaetodon lineolatus,2
19/11/2019,Resort,GP019031,GP-9,CB,8:38,unknown,1
19/11/2019,Resort,GP019031,GP-9,CC,8:50,Scarus niger,1
19/11/2019,Resort,GP019031,GP-9,CC,9:18,Lutjanus carponotatus,1
19/11/2019,Resort,GP019031,GP-9,CC,9:54,Hemigymnus melapterus,1
19/11/2019,Resort,GP019031,GP-9,CB,10:27,Scarus niger,1
19/11/2019,Resort,GP019031,GP-9,CB,11:09,Hemigymnus melapterus,1
19/11/2019,Resort,GP019031,GP-9,CB,11:10,Scarus niger,1
19/11/2019,Resort,GP029031,GP-9,CB,0:22,Hemigymnus melapterus,1
19/11/2019,Resort,GP029031,GP-9,CC,1:11,Scarus niger,1
19/11/2019,Resort,GP029031,GP-9,CB,1:18,Chlorurus spilurus,1
19/11/2019,Resort,GP029031,GP-9,CB,1:19,Siganus punctatus ,2
19/11/2019,Resort,GP029031,GP-9,CB,2:06,Chaetodon baronessa,1
19/11/2019,Resort,GP029031,GP-9,CC,2:22,Siganus punctatus ,1
19/11/2019,Resort,GP029031,GP-9,CB,2:52,Lutjanus carponotatus,1
19/11/2019,Resort,GP029031,GP-9,CC,3:07,Halichoeres melanurus,1
19/11/2019,Resort,GP029031,GP-9,CC,4:16,Siganus punctatissimus,2
19/11/2019,Resort,GP029031,GP-9,CB,6:06,Parupeneus barberinus ,1
19/11/2019,Resort,GP029031,GP-9,CB,8:26,Hemigymnus melapterus,1
19/11/2019,Resort,GP029031,GP-9,CC,8:32,Acanthuridae,1
19/11/2019,Resort,GP029031,GP-9,CC,8:47,Acanthuridae,1
19/11/2019,Resort,GP029031,GP-9,CB,10:01,Parupeneus barberinus ,1
19/11/2019,Resort,GP029031,GP-9,CB,10:20,Lethrinus atkinsoni,1
19/11/2019,Resort,GP029031,GP-9,CB,11:00,Siganus punctatissimus,1
15/11/2019,North3,GP015241,3,CC,0:00,Ctenochaetus striatus,1
15/11/2019,North3,GP015241,3,CB,0:02,Pomacentrus chrysurus ,1
15/11/2019,North3,GP015241,3,CC,0:09,Thalassoma nigrofasciatum,1
15/11/2019,North3,GP015241,3,CC,0:08,Acanthurus nigrofuscus,1
15/11/2019,North3,GP015241,3,CB,0:25,Pomacentrus chrysurus ,1
15/11/2019,North3,GP015241,3,CC,0:27,Ctenochaetus striatus,1
15/11/2019,North3,GP015241,3,CC,0:47,Thalassoma hardwicke,1
15/11/2019,North3,GP015241,3,CC,1:01,Acanthurus nigrofuscus,1
15/11/2019,North3,GP015241,3,CC,1:07,Scarus niger,1
15/11/2019,North3,GP015241,3,CB,1:08,Acanthurus nigricauda,2
15/11/2019,North3,GP015241,3,CB,1:13,Siganus doliatus,1
15/11/2019,North3,GP015241,3,CB,1:22,Scarus niger,1
15/11/2019,North3,GP015241,3,CC,1:25,Acanthurus nigrofuscus,1
15/11/2019,North3,GP015241,3,CC,1:23,Scarus schlegelii,1
15/11/2019,North3,GP015241,3,CB,1:25,Zebrasoma scopas,1
15/11/2019,North3,GP015241,3,CC,1:30,Ctenochaetus striatus,1
15/11/2019,North3,GP015241,3,CC,1:48,Acanthuridae,1
15/11/2019,North3,GP015241,3,CC,1:51,Pomacentrus chrysurus ,1
15/11/2019,North3,GP015241,3,CB,1:57,Coris gaimard,1
15/11/2019,North3,GP015241,3,CC,2:00,Ctenochaetus striatus,3
15/11/2019,North3,GP015241,3,CB,2:04,Acanthurus nigrofuscus,1
15/11/2019,North3,GP015241,3,CC,2:08,Thalassoma nigrofasciatum,1
15/11/2019,North3,GP015241,3,CB,2:14,Ctenochaetus striatus ,2
15/11/2019,North3,GP015241,3,CB,2:15,Acanthurus nigrofuscus,1
15/11/2019,North3,GP015241,3,CB,2:20,Siganus doliatus,1
15/11/2019,North3,GP015241,3,CC,2:58,Thalassoma nigrofasciatum,1
15/11/2019,North3,GP015241,3,CC,3:10,Chaetodon citrenellus,1
15/11/2019,North3,GP015241,3,CB,3:29,Ctenochaetus striatus,2
15/11/2019,North3,GP015241,3,CB,3:34,unknown,1
15/11/2019,North3,GP015241,3,CC,3:35,Acanthurus nigricauda,1
15/11/2019,North3,GP015241,3,CC,3:52,Acanthurus nigricauda,1
15/11/2019,North3,GP015241,3,CB,3:54,Acanthurus nigrofuscus,1
15/11/2019,North3,GP015241,3,CC,3:52,Chaetodon citrenellus,1
15/11/2019,North3,GP015241,3,CC,3:58,Zebrasoma scopas,1
15/11/2019,North3,GP015241,3,CB,4:16,Acanthurus nigricauda,2
15/11/2019,North3,GP015241,3,CB,4:18,Zebrasoma scopas,1
15/11/2019,North3,GP015241,3,CB,4:19,Naso unicornis ,1
15/11/2019,North3,GP015241,3,CB,4:25,Lethrinus lentjan ,1
15/11/2019,North3,GP015241,3,CC,4:35,Acanthurus nigricauda,1
15/11/2019,North3,GP015241,3,CC,4:42,Scarus rivulatus,1
15/11/2019,North3,GP015241,3,CB,5:28,Ctenochaetus striatus,1
15/11/2019,North3,GP015241,3,CC,5:32,Acanthurus nigrofuscus,1
15/11/2019,North3,GP015241,3,CC,5:38,Ctenochaetus striatus,1
15/11/2019,North3,GP015241,3,CC,5:42,Ctenochaetus striatus,1
15/11/2019,North3,GP015241,3,CC,5:47,Acanthuridae,1
15/11/2019,North3,GP015241,3,CB,6:10,Acanthurus nigrofuscus,1
15/11/2019,North3,GP015241,3,CB,6:11,Acanthurus nigricauda,1
15/11/2019,North3,GP015241,3,CC,6:17,Ctenochaetus striatus,1
15/11/2019,North3,GP015241,3,CC,6:23,Scarus flavipectoralis ,1
15/11/2019,North3,GP015241,3,CC,6:34,Thalassoma hardwicke,1
15/11/2019,North3,GP015241,3,CC,6:39,Acanthurus nigrofuscus,1
15/11/2019,North3,GP015241,3,CB,6:51,Scarus niger,1
15/11/2019,North3,GP015241,3,CC,7:07,Scarus niger,1
15/11/2019,North3,GP015241,3,CB,7:15,Ctenochaetus striatus,1
15/11/2019,North3,GP015241,3,CC,7:59,Halichoeres nebulosus,1
15/11/2019,North3,GP015241,3,CB,8:59,Hemigymnus melapterus ,1
15/11/2019,North3,GP015241,3,CC,8:57,Thalassoma hardwicke,2
15/11/2019,North3,GP015241,3,CC,9:00,Naso lituratus,1
15/11/2019,North3,GP015241,3,CB,9:04,Scarus globiceps ,2
15/11/2019,North3,GP015241,3,CC,9:08,Scarus schlegelii,1
15/11/2019,North3,GP015241,3,CC,9:08,Scarus frenatus,1
15/11/2019,North3,GP015241,3,CC,9:11,Scarus niger,1
15/11/2019,North3,GP015241,3,CB,9:12,Scarus sp,1
15/11/2019,North3,GP015241,3,CB,9:16,Zebrasoma scopas,1
15/11/2019,North3,GP015241,3,CC,9:18,Sufflamen chrysopterum,1
15/11/2019,North3,GP015241,3,CC,9:59,Thalassoma nigrofasciatum,1
15/11/2019,North3,GP015241,3,CB,10:07,Naso lituratus ,1
15/11/2019,North3,GP015241,3,CB,10:49,Acanthurus nigrofuscus,1
15/11/2019,North3,GP015241,3,CB,11:03,Thalassoma nigrofasciatum,1
15/11/2019,North3,GP015241,3,CC,11:47,Acanthurus nigricauda,1
15/11/2019,North3,GP015241,3,CC,11:54,Ctenochaetus striatus,1
15/11/2019,North3,GP015241,3,CC,11:56,Thalassoma hardwicke,1
15/11/2019,North3,GP025241,3,CC,0:28,Ctenochaetus striatus,1
15/11/2019,North3,GP025241,3,CC,1:16,Ctenochaetus striatus,1
15/11/2019,North3,GP025241,3,CB,1:23,Chaetodon citrinellus,2
15/11/2019,North3,GP025241,3,CC,1:35,Ctenochaetus striatus,2
15/11/2019,North3,GP025241,3,CB,2:14,Hemigymnus melapterus,1
15/11/2019,North3,GP025241,3,CC,2:16,Ctenochaetus striatus,1
15/11/2019,North3,GP025241,3,CC,2:40,Ctenochaetus striatus,1
15/11/2019,North3,GP025241,3,CC,2:45,Acanthurus nigrofuscus,1
15/11/2019,North3,GP025241,3,CB,3:25,Acanthurus nigricauda,1
15/11/2019,North3,GP025241,3,CB,3:48,Hemigymnus melapterus,1
15/11/2019,North3,GP025241,3,CC,3:52,Acanthurus nigrofuscus,1
15/11/2019,North3,GP025241,3,CB,4:08,Chaetodon citrinellus,1
15/11/2019,North3,GP025241,3,CB,4:50,Coris gaimard,1
15/11/2019,North3,GP025241,3,CC,4:56,Plectropomus leopardus ,1
15/11/2019,North3,GP025241,3,CB,4:57,Thalassoma hardwicke,1
15/11/2019,North3,GP025241,3,CB,5:00,Thalassoma nigrofasciatum,1
15/11/2019,North3,GP025241,3,CB,5:06,Acanthurus nigrofuscus,1
15/11/2019,North3,GP025241,3,CC,6:03,Ctenochaetus striatus,1
15/11/2019,North3,GP025241,3,CB,6:06,Thalassoma nigrofasciatum,1
15/11/2019,North3,GP025241,3,CC,6:25,Acanthurus nigrofuscus,1
15/11/2019,North3,GP025241,3,CC,6:36,Ctenochaetus striatus,3
15/11/2019,North3,GP025241,3,CC,6:56,Acanthurus nigrofuscus,1
15/11/2019,North3,GP025241,3,CB,7:01,Thalassoma hardwicke,1
15/11/2019,North3,GP025241,3,CB,7:05,Thalassoma hardwicke,1
15/11/2019,North3,GP025241,3,CC,7:05,Acanthurus nigrofuscus,2
15/11/2019,North3,GP025241,3,CC,7:16,Scarus frenatus,1
15/11/2019,North3,GP025241,3,CC,7:35,Sufflamen chrysopterum,1
15/11/2019,North3,GP025241,3,CB,7:50,Acanthurus nigrofuscus,1
15/11/2019,North3,GP025241,3,CC,8:10,Sufflamen chrysopterum,1
15/11/2019,North3,GP025241,3,CC,8:09,Naso annulatus,1
15/11/2019,North3,GP025241,3,CC,8:16,Scarus flavipectoralis,1
15/11/2019,North3,GP025241,3,CB,8:20,Naso lituratus ,1
15/11/2019,North3,GP025241,3,CB,8:25,Zebrasoma scopas,1
15/11/2019,North3,GP025241,3,CC,8:26,Ctenochaetus striatus,1
15/11/2019,North3,GP025241,3,CC,8:28,Acanthurus nigrofuscus,3
15/11/2019,North3,GP025241,3,CC,8:29,Ctenochaetus striatus,4
15/11/2019,North3,GP025241,3,CC,8:31,Acanthurus nigrofuscus,1
15/11/2019,North3,GP025241,3,CC,8:35,Ctenochaetus striatus,1
15/11/2019,North3,GP025241,3,CB,8:27,Thalassoma hardwicke,1
15/11/2019,North3,GP025241,3,CB,8:29,Thalassoma hardwicke,1
15/11/2019,North3,GP025241,3,CC,8:35,Zebrasoma scopas,1
15/11/2019,North3,GP025241,3,CB,8:37,Scarus niger,1
15/11/2019,North3,GP025241,3,CC,8:38,Chlorurus microrhinos,1
15/11/2019,North3,GP025241,3,CC,9:44,Scarus globiceps ,1
15/11/2019,North3,GP025241,3,CB,9:45,Chaetodon citrinellus,1
15/11/2019,North3,GP025241,3,CC,10:25,Ctenochaetus striatus,2
15/11/2019,North3,GP025241,3,CB,10:37,Chaetodon vagabundus,2
15/11/2019,North3,GP025241,3,CB,10:39,Chaetodon unimaculatus ,1
15/11/2019,North3,GP025241,3,CB,10:55,Chaetodon unimaculatus ,1
15/11/2019,North3,GP025241,3,CC,10:57,Chlorurus microrhinos,1
15/11/2019,North3,GP025241,3,CB,11:01,Naso lituratus ,1
15/11/2019,North3,GP025241,3,CC,11:15,Scarus rivulatus,1
15/11/2019,North3,GP025241,3,CB,11:39,Thalassoma nigrofasciatum,1
15/11/2019,North3,GP025241,3,CB,11:42,Siganus doliatus,1
15/11/2019,North3,GP025241,3,CB,11:45,Acanthurus nigrofuscus,1
15/11/2019,North3,GP035241,3,CB,0:00,Ctenochaetus striatus,1
15/11/2019,North3,GP035241,3,CB,  01:10,Ctenochaetus striatus,1
15/11/2019,North3,GP035241,3,CB,1:24,Ctenochaetus striatus,1
15/11/2019,North3,GP035241,3,CB,1:59,Coris gaimard,1
15/11/2019,North3,GP035241,3,CB,2:02,Ctenochaetus striatus,1
15/11/2019,North3,GP035241,3,CB,2:03,Pomacanthus sexstriatus ,1
15/11/2019,North3,GP035241,3,CB,3:30,Chaetodon ephippium,1
15/11/2019,North3,GP035241,3,CC,3:59,Scarus frenatus,1
15/11/2019,North3,GP035241,3,CB,4:16,Zebrasoma scopas,1
15/11/2019,North3,GP035241,3,CC,4:40,Lethrinus atkinsoni,1
15/11/2019,North3,GP035241,3,CB,4:59,Chaetodon citrinellus,1
15/11/2019,North3,GP035241,3,CB,5:28,Zebrasoma scopas,1
15/11/2019,North3,GP035241,3,CB,5:59,Plectropomus leopardus,1
1/12/2019,Lagoon1,GP019038,GP-9,CB,0:00,Hemigymnus melapterus,1
1/12/2019,Lagoon1,GP019038,GP-9,CB,0:01,Acanthochromis polyacanthus ,1
1/12/2019,Lagoon1,GP019038,GP-9,CB,0:04,Pomacentrus chrysurus,1
1/12/2019,Lagoon1,GP019038,GP-9,CB,0:07,Acanthurus nigrofuscus,1
1/12/2019,Lagoon1,GP019038,GP-9,CB,0:22,Cheilinus chlorourus,1
1/12/2019,Lagoon1,GP019038,GP-9,CB,0:44,Ctenochaetus striatus,1
1/12/2019,Lagoon1,GP019038,GP-9,CC,0:50,Pomacentrus wardi,1
1/12/2019,Lagoon1,GP019038,GP-9,CC,1:02,Hemigymnus melapterus,1
1/12/2019,Lagoon1,GP019038,GP-9,CB,1:15,Acanthochromis polyacanthus ,2
1/12/2019,Lagoon1,GP019038,GP-9,CB,1:28,Hemigymnus melapterus,1
1/12/2019,Lagoon1,GP019038,GP-9,CC,1:24,Scolopsis bilineata,1
1/12/2019,Lagoon1,GP019038,GP-9,CB,1:30,Stegastes apicalis ,1
1/12/2019,Lagoon1,GP019038,GP-9,CB,1:52,Dischistodus prosopotaenia,1
1/12/2019,Lagoon1,GP019038,GP-9,CB,2:14,Acanthochromis polyacanthus ,2
1/12/2019,Lagoon1,GP019038,GP-9,CC,2:17,Lethrinus ornatus,1
1/12/2019,Lagoon1,GP019038,GP-9,CC,2:30,Pomacentrus coelestis,1
1/12/2019,Lagoon1,GP019038,GP-9,CC,3:04,Pomacentrus chrysurus,2
1/12/2019,Lagoon1,GP019038,GP-9,CB,3:10,Acanthochromis polyacanthus ,1
1/12/2019,Lagoon1,GP019038,GP-9,CC,3:19,Acanthochromis polyacanthus ,1
1/12/2019,Lagoon1,GP019038,GP-9,CB,3:54,Hemigymnus melapterus,1
1/12/2019,Lagoon1,GP019038,GP-9,CB,4:04,Cheilinus chlorourus,1
1/12/2019,Lagoon1,GP019038,GP-9,CC,4:09,Siganus doliatus,1
1/12/2019,Lagoon1,GP019038,GP-9,CC,4:09,Ctenochaetus striatus,1
1/12/2019,Lagoon1,GP019038,GP-9,CB,4:21,Lethrinus atkinsoni,1
1/12/2019,Lagoon1,GP019038,GP-9,CC,4:21,Thalassoma lunare,1
1/12/2019,Lagoon1,GP019038,GP-9,CB,4:26,Siganus doliatus,1
1/12/2019,Lagoon1,GP019038,GP-9,CB,4:31,Lutjanus gibbus,1
1/12/2019,Lagoon1,GP019038,GP-9,CC,4:35,Stethojulis trilineata,1
1/12/2019,Lagoon1,GP019038,GP-9,CC,5:36,Pomacentrus coelestis,1
1/12/2019,Lagoon1,GP019038,GP-9,CC,5:48,Chlorurus spilurus,1
1/12/2019,Lagoon1,GP019038,GP-9,CC,6:07,Scarus altipinnis,1
1/12/2019,Lagoon1,GP019038,GP-9,CC,6:13,Chromis viridis,4
1/12/2019,Lagoon1,GP019038,GP-9,CB,6:19,Chaetodon auriga,2
1/12/2019,Lagoon1,GP019038,GP-9,CC,6:20,Chlorurus spilurus,2
1/12/2019,Lagoon1,GP019038,GP-9,CB,6:55,Acanthochromis polyacanthus ,1
1/12/2019,Lagoon1,GP019038,GP-9,CC,7:20,Scarus sp,1
1/12/2019,Lagoon1,GP019038,GP-9,CC,7:27,Scarus rivulatus,1
1/12/2019,Lagoon1,GP019038,GP-9,CC,7:29,Thalassoma lunare,1
1/12/2019,Lagoon1,GP019038,GP-9,CC,8:09,Acanthurus nigricauda,1
1/12/2019,Lagoon1,GP019038,GP-9,CB,8:20,Lethrinus atkinsoni,1
1/12/2019,Lagoon1,GP019038,GP-9,CB,9:39,Stegastes apicalis ,1
1/12/2019,Lagoon1,GP019038,GP-9,CB,9:44,Halichoeres melanurus,1
1/12/2019,Lagoon1,GP019038,GP-9,CC,9:47,Stethojulis bandanensis,1
1/12/2019,Lagoon1,GP019038,GP-9,CC,9:48,Scarus sp,1
1/12/2019,Lagoon1,GP019038,GP-9,CC,9:50,Scarus sp,2
1/12/2019,Lagoon1,GP019038,GP-9,CB,10:24,Chaetodon auriga,2
1/12/2019,Lagoon1,GP019038,GP-9,CC,10:31,Halichoeres melanurus,1
1/12/2019,Lagoon1,GP019038,GP-9,CC,10:41,Ctenochaetus striatus,1
1/12/2019,Lagoon1,GP019038,GP-9,CC,11:01,Halichoeres melanurus,1
1/12/2019,Lagoon1,GP019038,GP-9,CC,12:00,Acanthochromis polyacanthus,6
1/12/2019,Lagoon1,GP019038,GP-9,CC,11:10,Halichoeres chloropterus,1
1/12/2019,Lagoon1,GP029038,GP-9,CC,0:15,Thalassoma lunare,1
1/12/2019,Lagoon1,GP029038,GP-9,CC,0:34,Halichoeres melanurus,1
1/12/2019,Lagoon1,GP029038,GP-9,CB,3:45,Hemigymnus melapterus,1
1/12/2019,Lagoon1,GP029038,GP-9,CB,4:16,Hemigymnus melapterus,1
1/12/2019,Lagoon1,GP029038,GP-9,CC,4:51,Acanthurus nigricauda,1
1/12/2019,Lagoon1,GP029038,GP-9,CB,6:39,Plectropomus leopardus,1
1/12/2019,Lagoon1,GP039038,GP-9,CB,0:17,Siganus doliatus,1
1/12/2019,Lagoon1,GP039038,GP-9,CB,2:02,Zanclus cornutus,2
1/12/2019,Lagoon1,GP039038,GP-9,CC,2:53,Lethrinus atkinsoni,1
1/12/2019,Lagoon1,GOPR9038,GP-9,CC,9:18,Scarus altinpinnis,1
29/11/2019,CornerBeach,GOPR9036,GP-9,CB,6:00,Cheilinus fasciatus,1
29/11/2019,CornerBeach,GOPR9036,GP-9,CC,6:00,Pomacentrus moluccensis,3
29/11/2019,CornerBeach,GOPR9036,GP-9,CC,6:19,Pomacentrus chrysurus,1
29/11/2019,CornerBeach,GOPR9036,GP-9,CB,6:24,Chaetodon auriga ,1
29/11/2019,CornerBeach,GOPR9036,GP-9,CC,7:19,Thalassoma hardwicke,1
29/11/2019,CornerBeach,GOPR9036,GP-9,CB,7:21,Chaetodon auriga ,1
29/11/2019,CornerBeach,GOPR9036,GP-9,CB,7:21,Pomacentrus chrysurus,1
29/11/2019,CornerBeach,GOPR9036,GP-9,CC,8:40,Balistoides viridescens,2
29/11/2019,CornerBeach,GOPR9036,GP-9,CB,9:00,Cheilinus trilobatus ,1
29/11/2019,CornerBeach,GOPR9036,GP-9,CB,9:28,Thalassoma hardwicke,1
29/11/2019,CornerBeach,GOPR9036,GP-9,CB,9:36,Chrysiptera sp,1
29/11/2019,CornerBeach,GOPR9036,GP-9,CC,9:59,Lutjanus bohar,1
29/11/2019,CornerBeach,GOPR9036,GP-9,CC,10:25,Halichoeres chloropterus,1
29/11/2019,CornerBeach,GOPR9036,GP-9,CC,10:38,Chaetodon lunulatus ,1
29/11/2019,CornerBeach,GOPR9036,GP-9,CB,10:29,Pomacentrus chrysurus,1
29/11/2019,CornerBeach,GOPR9036,GP-9,CC,10:42,Chaetodon lunulatus ,1
29/11/2019,CornerBeach,GP019036,GP-9,CC,0:36,Pomacentrus chrysurus,1
29/11/2019,CornerBeach,GP019036,GP-9,CC,0:45,Carcharhinus melanopterus,1
29/11/2019,CornerBeach,GP019036,GP-9,CB,1:21,Hemigymnus melapterus,1
29/11/2019,CornerBeach,GP019036,GP-9,CB,1:24,Siganus doliatus,2
29/11/2019,CornerBeach,GP019036,GP-9,CC,1:26,Chlorurus spilurus,1
29/11/2019,CornerBeach,GP019036,GP-9,CB,2:06,Chaetodon ephippium,1
29/11/2019,CornerBeach,GP019036,GP-9,CB,2:19,Zanclus cornutus,1
29/11/2019,CornerBeach,GP019036,GP-9,CB,2:59,Scarus niger,1
29/11/2019,CornerBeach,GP019036,GP-9,CB,3:03,Hipposcarus longiceps,1
29/11/2019,CornerBeach,GP019036,GP-9,CC,3:50,Halichoeres chloropterus,1
29/11/2019,CornerBeach,GP019036,GP-9,CC,5:33,Cephalopholis sp,1
29/11/2019,CornerBeach,GP019036,GP-9,CC,5:55,Siganus doliatus,2
29/11/2019,CornerBeach,GP019036,GP-9,CB,6:19,Hipposcarus longiceps,1
29/11/2019,CornerBeach,GP019036,GP-9,CB,6:20,Scarus niger,1
29/11/2019,CornerBeach,GP019036,GP-9,CB,6:21,Zanclus cornutus,1
29/11/2019,CornerBeach,GP019036,GP-9,CB,6:22,Scarus niger,1
29/11/2019,CornerBeach,GP019036,GP-9,CC,6:32,Scarus niger,1
29/11/2019,CornerBeach,GP019036,GP-9,CB,6:32,Acanthurus blochii ,1
29/11/2019,CornerBeach,GP019036,GP-9,CB,6:52,Chaetodon vagabundus,1
29/11/2019,CornerBeach,GP019036,GP-9,CB,7:49,Thalassoma hardwicke,1
29/11/2019,CornerBeach,GP019036,GP-9,CB,7:50,Lutjanus carponotatus,1
29/11/2019,CornerBeach,GP019036,GP-9,CB,8:21,Lutjanus fulviflamma,1
29/11/2019,CornerBeach,GP019036,GP-9,CC,9:22,Ctenochaetus striatus,1
29/11/2019,CornerBeach,GP019036,GP-9,CB,10:07,Siganus vulpinus,1
29/11/2019,CornerBeach,GP019036,GP-9,CB,11:03,Hemigymnus melapterus,1
29/11/2019,CornerBeach,GP019036,GP-9,CC,11:08,Ctenochaetus striatus,1
29/11/2019,CornerBeach,GP019036,GP-9,CC,11:35,Thalassoma hardwicke,1
29/11/2019,CornerBeach,GP029036,GP-9,CC,1:05,Scarus rivulatus,1
29/11/2019,CornerBeach,GP029036,GP-9,CB,2:44,Hemigymnus melapterus,1
29/11/2019,CornerBeach,GP029036,GP-9,CB,4:15,Chlorurus spilurus,1
29/11/2019,CornerBeach,GP029036,GP-9,CB,4:16,Chaetodon lunulatus ,1
29/11/2019,CornerBeach,GP029036,GP-9,CB,4:36,Hemigymnus melapterus,1
29/11/2019,CornerBeach,GP029036,GP-9,CB,6:56,Chaetodon baronessa,1
29/11/2019,CornerBeach,GP029036,GP-9,CB,7:33,Grammatorcynus bicarinatus ,1
29/11/2019,CornerBeach,GP029036,GP-9,CC,9:14,Siganus doliatus,1
29/11/2019,CornerBeach,GP029036,GP-9,CC,10:12,Chrysiptera sp,1
29/11/2019,CornerBeach,GP029036,GP-9,CB,10:30,Siganus vulpinus,2
29/11/2019,CornerBeach,GP029036,GP-9,CB,11:50,Uraspis uraspis ,1